clip,intended_angle,hand_yaw_change_deg,cube_yaw_change_deg,t_grasp,t_release,cube_tracked_pct,notes
clip_01_rot-60_A,-60,-31.902372801703887,-53.35644593877938,4.833333333333333,7.466666666666667,79.36962750716332,cube not seen at rest in the 2.50 s before it moved; used the hand; cube not seen at rest in the 0.50 s after it last moved; used the hand
clip_02_rot+90_B,90,70.97472720530223,94.27903425140683,4.366666666666666,7.066666666666666,68.32460732984293,cube not seen moving (4.1 s without a rest frame); grasp and release from the hand; lift not seen (cube hidden while held)
clip_03_rot+0_C,0,3.510556177091868,4.371403426874695,5.633333333333333,8.033333333333333,61.73913043478261,cube not seen moving (4.7 s without a rest frame); grasp and release from the hand; lift not seen (cube hidden while held)
clip_04_rot+90_A,90,58.854298036441165,91.29969223616766,5.633333333333333,7.533333333333333,79.66573816155989,cube not seen at rest in the 0.33 s before it moved; used the hand; cube not seen at rest in the 2.60 s after it last moved; used the hand
clip_05_rot+120_B,120,102.30525671429504,134.20316572486334,5.166666666666667,8.366666666666667,83.33333333333334,cube not seen at rest in the 0.27 s before it moved; used the hand; cube not seen at rest in the 2.33 s after it last moved; used the hand
clip_06_rot-30_C,-30,-17.59767475872426,-44.112340597917346,3.4,6.2,79.02621722846442,cube not seen at rest in the 1.87 s before it moved; used the hand
clip_07_rot+30_B,30,32.25934350404396,41.72173834500348,5.9,7.833333333333333,100.0,cube not seen at rest in the 0.23 s before it moved; used the hand
clip_08_rot-90_A,-90,-63.165999916787186,-95.42172826626292,6.266666666666667,9.1,69.79695431472082,cube not seen moving (4.6 s without a rest frame); grasp and release from the hand; lift not seen (cube hidden while held)
clip_09_rot+0_A,0,3.191259827072924,-0.053217292727484586,5.533333333333333,7.566666666666666,68.28571428571428,cube not seen moving (3.7 s without a rest frame); grasp and release from the hand; lift not seen (cube hidden while held)
clip_100_rot+90_A,90,76.40425048564184,88.86465655375122,2.3333333333333335,3.3666666666666667,87.11340206185567,cube not seen at rest in the 1.00 s after it last moved; used the hand
clip_101_rot+120_B,120,100.77767360046505,124.48905723336709,2.5666666666666664,3.533333333333333,82.0,cube not seen moving (1.3 s without a rest frame); grasp and release from the hand; lift not seen (cube hidden while held)
clip_102_rot-90_B,-90,-72.3128247818868,-101.31017194497612,2.9,4.1,85.49222797927462,cube not seen at rest in the 1.07 s after it last moved; used the hand
clip_103_rot-60_C,-60,-30.8874411694744,-54.89513191575888,3.4,4.6,85.83690987124464,cube not seen at rest in the 1.23 s before it moved; used the hand
clip_104_rot-30_A,-30,-20.064602991424202,-34.54221002236073,2.433333333333333,3.1666666666666665,90.17341040462428,cube not seen at rest in the 0.47 s before it moved; used the hand
clip_105_rot+0_B,0,1.6206071589027475,-0.937119319769978,2.6,3.5,74.15730337078652,cube not seen moving (1.6 s without a rest frame); grasp and release from the hand; lift not seen (cube hidden while held)
clip_106_rot+30_C,30,19.813155165260792,29.058180840644166,2.8,3.5,81.37254901960785,cube not seen moving (1.4 s without a rest frame); grasp and release from the hand; lift not seen (cube hidden while held)
clip_107_rot+60_A,60,44.63010055504495,52.24501730963536,3.8,4.633333333333333,91.96787148594377,cube not seen at rest in the 0.23 s before it moved; used the hand; cube not seen at rest in the 0.77 s after it last moved; used the hand
clip_108_rot+90_B,90,82.24093004629702,97.44964497443047,2.8666666666666667,3.9,85.36585365853658,cube not seen at rest in the 0.20 s before it moved; used the hand; cube not seen at rest in the 1.10 s after it last moved; used the hand
clip_109_rot+120_C,120,102.29303278016523,130.94847194352425,3.1666666666666665,4.6,82.64840182648402,cube not seen at rest in the 1.27 s after it last moved; used the hand
clip_10_rot-60_B,-60,-35.49517678537805,-45.21619263307052,5.033333333333333,7.333333333333333,84.70588235294117,cube not seen at rest in the 1.87 s before it moved; used the hand
clip_11_rot+60_C,60,43.30847490026947,54.19011463462186,6.266666666666667,8.2,99.7229916897507,cube not seen at rest in the 0.43 s before it moved; used the hand
clip_12_rot+0_B,0,1.0416791297442747,-5.66295271596554,4.833333333333333,6.733333333333333,68.16608996539793,cube not seen moving (3.1 s without a rest frame); grasp and release from the hand; lift not seen (cube hidden while held)
clip_13_rot-30_A,-30,-30.295608866285665,-35.35327355503428,4.4,6.333333333333333,72.78481012658227,cube not seen moving (3.3 s without a rest frame); grasp and release from the hand; lift not seen (cube hidden while held)
clip_14_rot+120_C,120,90.72494586488537,127.70847152894805,5.966666666666667,8.9,82.1882951653944,cube not seen at rest in the 0.23 s before it moved; used the hand; cube not seen at rest in the 2.57 s after it last moved; used the hand
clip_15_rot-60_C,-60,-45.476009268348975,-62.209461207689934,5.033333333333333,7.5,69.51219512195121,cube not seen moving (3.5 s without a rest frame); grasp and release from the hand; lift not seen (cube hidden while held)
clip_16_rot+90_B,90,81.45489198203259,89.42069601360087,4.9,7.6,82.21574344023324,cube not seen at rest in the 0.70 s before it moved; used the hand; cube not seen at rest in the 2.23 s after it last moved; used the hand
clip_17_rot-90_B,-90,-55.51499032370606,-93.38464081176954,5.733333333333333,8.933333333333334,69.79166666666666,cube not seen at rest in the 1.23 s before it moved; used the hand; cube not seen at rest in the 2.80 s after it last moved; used the hand
clip_18_rot+30_C,30,37.671199286660816,41.16196421583257,5.866666666666666,7.533333333333333,98.21958456973294,cube not seen at rest in the 1.03 s after it last moved; used the hand
clip_19_rot+60_A,60,38.45858869842794,54.40938888126638,5.233333333333333,8.133333333333333,61.627906976744185,cube not seen moving (4.5 s without a rest frame); grasp and release from the hand; lift not seen (cube hidden while held)
clip_20_rot+120_A,120,133.53821548799158,143.57668974602822,6.866666666666666,9.733333333333333,81.20805369127517,cube not seen at rest in the 3.00 s after it last moved; used the hand
clip_21_rot+30_A,30,35.269047439967835,40.77788762207863,4.6,6.466666666666667,68.33333333333333,cube not seen moving (3.3 s without a rest frame); grasp and release from the hand; lift not seen (cube hidden while held)
clip_22_rot-30_B,-30,-27.263917762125686,-43.03485335145362,4.1,6.366666666666666,83.60128617363344,cube not seen at rest in the 1.83 s before it moved; used the hand; cube not seen at rest in the 0.23 s after it last moved; used the hand
clip_23_rot+60_B,60,51.73560281486043,64.27250612852276,5.333333333333333,7.066666666666666,71.06741573033707,cube not seen moving (3.5 s without a rest frame); grasp and release from the hand; lift not seen (cube hidden while held)
clip_24_rot-60_A,-60,-36.27533256160417,-60.99222266448493,5.933333333333334,8.366666666666667,67.1309192200557,cube not seen moving (3.9 s without a rest frame); grasp and release from the hand; lift not seen (cube hidden while held)
clip_25_rot-90_C,-90,-62.256619043935316,-90.33923906122985,6.6,9.433333333333334,67.54807692307693,cube not seen moving (4.6 s without a rest frame); grasp and release from the hand; lift not seen (cube hidden while held)
clip_26_rot+0_C,0,0.026926833319912174,1.8454734956559111,6.3,8.633333333333333,66.50485436893204,cube not seen moving (4.7 s without a rest frame); grasp and release from the hand; lift not seen (cube hidden while held)
clip_27_rot+90_C,90,78.6106930812053,88.64723163719029,5.866666666666666,8.366666666666667,87.22826086956522,cube not seen at rest in the 1.53 s after it last moved; used the hand
clip_28_rot+0_A,0,1.3627783608463677,-5.733988364664276,5.166666666666667,7.066666666666666,70.72463768115942,cube not seen moving (3.4 s without a rest frame); grasp and release from the hand; lift not seen (cube hidden while held)
clip_29_rot+60_C,60,35.25247592650419,47.37303094058797,4.966666666666667,7.166666666666667,66.66666666666666,cube not seen moving (4.1 s without a rest frame); grasp and release from the hand; lift not seen (cube hidden while held)
clip_30_rot-30_C,-30,-29.906534285626133,-51.61882851874342,4.1,6.033333333333333,81.25,cube not seen at rest in the 1.83 s before it moved; used the hand
clip_31_rot-60_B,-60,-39.07232356710469,-56.6942149657762,3.466666666666667,5.833333333333333,84.34163701067615,cube not seen at rest in the 1.60 s before it moved; used the hand
clip_32_rot+120_B,120,102.48303681685945,125.3001351465312,5.366666666666666,9.633333333333333,82.83582089552239,cube not seen at rest in the 2.50 s after it last moved; used the hand
clip_33_rot+30_B,30,34.503107725553285,41.73998886993538,4.333333333333333,6.133333333333333,100.0,
clip_34_rot+90_A,90,85.86999934834682,94.23983682962239,4.766666666666667,6.733333333333333,81.81818181818183,cube not seen at rest in the 1.90 s after it last moved; used the hand
clip_35_rot-90_A,-90,-52.24764812250155,-99.04545759640511,5.4,8.1,69.60227272727273,cube not seen at rest in the 3.20 s after it last moved; used the hand
clip_36_rot+30_C,30,42.257362334153854,50.21406840318228,3.8666666666666667,5.933333333333334,69.25465838509317,cube not seen moving (3.5 s without a rest frame); grasp and release from the hand; lift not seen (cube hidden while held)
clip_37_rot-30_A,-30,-37.152795225250216,-48.789478515099766,4.7,7.333333333333333,67.15542521994135,cube not seen moving (4.3 s without a rest frame); grasp and release from the hand
clip_38_rot+0_B,0,4.4995022303049215,3.6814025633776395,4.633333333333333,6.933333333333334,62.66233766233766,cube not seen moving (3.9 s without a rest frame); grasp and release from the hand; lift not seen (cube hidden while held)
clip_39_rot+60_A,60,48.13401061208701,52.722852233411636,4.9,7.033333333333333,89.41176470588236,cube not seen at rest in the 1.53 s after it last moved; used the hand
clip_40_rot+120_C,120,120.11548440208159,140.92275836086745,5.5,8.033333333333333,83.28981723237598,cube not seen at rest in the 2.27 s after it last moved; used the hand
clip_41_rot-60_C,-60,-40.23384123660116,-57.33707419194396,5.133333333333333,7.366666666666666,84.39306358381504,cube not seen at rest in the 1.93 s after it last moved; used the hand
clip_42_rot-90_B,-90,-63.02267507631586,-94.56294605932486,5.933333333333334,9.833333333333334,82.99776286353467,cube not seen at rest in the 2.67 s after it last moved; used the hand
clip_43_rot+90_B,90,82.54446586182253,91.1507797911192,5.533333333333333,8.0,89.68253968253968,cube not seen at rest in the 1.43 s after it last moved; used the hand
clip_44_rot-60_A,-60,-41.189030013644825,-52.09117018251539,4.666666666666667,7.6,79.3956043956044,cube not seen at rest in the 2.67 s before it moved; used the hand; cube not seen at rest in the 0.50 s after it last moved; used the hand
clip_45_rot+60_B,60,47.44437776331542,54.53894802104313,6.1,8.133333333333333,100.0,cube not seen at rest in the 0.37 s before it moved; used the hand
clip_46_rot+0_C,0,-0.8330284240495907,8.23724829498784,3.8666666666666667,6.266666666666667,64.48275862068965,cube not seen moving (3.5 s without a rest frame); grasp and release from the hand; lift not seen (cube hidden while held)
clip_47_rot+120_A,120,111.92840722065382,130.8608456586799,5.066666666666666,8.2,86.1788617886179,cube not seen at rest in the 1.90 s after it last moved; used the hand
clip_48_rot+90_C,90,84.22852171875972,91.84204092032816,5.333333333333333,8.633333333333333,88.88888888888889,cube not seen at rest in the 1.57 s after it last moved; used the hand
clip_49_rot-90_C,-90,-57.063928934549494,-91.78738718678214,5.633333333333333,8.166666666666666,70.39999999999999,cube not seen moving (4.8 s without a rest frame); grasp and release from the hand; lift not seen (cube hidden while held)
clip_50_rot+30_A,30,35.37657120298541,38.658959728990176,5.7,7.7,74.58563535911603,cube not seen moving (3.2 s without a rest frame); grasp and release from the hand; lift not seen (cube hidden while held)
clip_51_rot-30_B,-30,-38.10859480031815,-55.88844179518976,4.133333333333333,7.233333333333333,82.29813664596274,cube not seen at rest in the 1.93 s before it moved; used the hand
clip_52_rot+60_C,60,45.908902374043755,45.56406007044759,5.066666666666666,7.433333333333334,89.66480446927375,
clip_53_rot+0_A,0,3.301093376928853,-3.078444396632895,4.766666666666667,7.133333333333333,65.98837209302324,cube not seen moving (4.0 s without a rest frame); grasp and release from the hand; lift not seen (cube hidden while held)
clip_54_rot-90_A,-90,-57.62858499690262,-91.04875246158846,5.3,7.866666666666666,67.3076923076923,cube not seen moving (4.2 s without a rest frame); grasp and release from the hand; lift not seen (cube hidden while held)
clip_55_rot-30_C,-30,0.5489259578166661,-29.053253406239005,4.833333333333333,5.566666666666666,82.49258160237389,cube not seen moving (2.8 s without a rest frame); grasp and release from the hand; lift not seen (cube hidden while held)
clip_56_rot+120_B,120,116.45582833880441,137.31644795731776,6.033333333333333,8.9,88.17480719794345,cube not seen at rest in the 1.63 s after it last moved; used the hand
clip_57_rot+90_A,90,78.81213099312296,93.76817688949107,5.7,7.666666666666667,88.1578947368421,cube not seen at rest in the 0.97 s before it moved; used the hand; cube not seen at rest in the 1.63 s after it last moved; used the hand
clip_58_rot+30_B,30,31.24879069785562,36.40496937805827,5.4,7.2,74.57627118644068,cube not seen moving (3.0 s without a rest frame); grasp and release from the hand; lift not seen (cube hidden while held)
clip_59_rot-60_B,-60,-40.48977463875942,-50.96165093136672,4.733333333333333,6.7,85.84905660377359,cube not seen at rest in the 1.63 s before it moved; used the hand
clip_60_rot+120_C,120,118.62526925770568,133.8367426453196,4.333333333333333,6.533333333333333,82.6086956521739,cube not seen at rest in the 1.63 s after it last moved; used the hand
clip_61_rot-30_A,-30,-21.76373802756469,-31.25052148246843,4.0,6.366666666666666,68.370607028754,cube not seen moving (3.8 s without a rest frame); grasp and release from the hand
clip_62_rot+60_A,60,53.58045897961907,53.460556894262,5.633333333333333,7.8,94.91094147582697,cube not seen at rest in the 0.90 s after it last moved; used the hand
clip_63_rot+90_B,90,81.50610235674966,91.44014640037955,5.0,7.1,88.20058997050147,cube not seen at rest in the 1.50 s after it last moved; used the hand
clip_64_rot+0_B,0,1.319616326741222,-6.7042276378944,4.866666666666666,6.966666666666667,66.86746987951807,cube not seen moving (3.7 s without a rest frame); grasp and release from the hand; lift not seen (cube hidden while held)
clip_65_rot-60_C,-60,-34.689512554781516,-55.70017077196494,4.166666666666667,6.233333333333333,69.65944272445822,cube not seen moving (3.7 s without a rest frame); grasp and release from the hand; lift not seen (cube hidden while held)
clip_66_rot+30_C,30,35.8832042053517,38.4758090110154,4.3,5.8,75.08650519031141,cube not seen moving (2.4 s without a rest frame); grasp and release from the hand; lift not seen (cube hidden while held)
clip_67_rot-90_B,-90,-56.85715190603658,-91.16699451977551,5.0,7.833333333333333,63.1578947368421,cube not seen moving (4.2 s without a rest frame); grasp and release from the hand; lift not seen (cube hidden while held)
clip_68_rot+0_C,0,4.772477185309758,-1.2482243800813977,5.333333333333333,7.8,68.12865497076024,cube not seen moving (4.1 s without a rest frame); grasp and release from the hand; lift not seen (cube hidden while held)
clip_69_rot-90_C,-90,-54.5453935759035,-95.0639695333655,6.1,8.9,74.08450704225352,cube not seen moving (3.3 s without a rest frame); grasp and release from the hand; lift not seen (cube hidden while held)
clip_70_rot+60_B,60,40.320258146350014,45.78863807544285,5.766666666666667,7.766666666666667,99.44289693593315,
clip_71_rot+30_A,30,26.511797679963493,32.85263013638213,5.166666666666667,6.8,76.01156069364163,cube not seen moving (2.9 s without a rest frame); grasp and release from the hand; lift not seen (cube hidden while held)
clip_72_rot-60_A,-60,-28.694323674203922,-47.64794839640194,5.133333333333333,6.933333333333334,92.26006191950464,cube not seen at rest in the 0.70 s after it last moved; used the hand
clip_73_rot+90_C,90,85.9564918134228,92.24062416300099,4.966666666666667,7.3999999999999995,86.41618497109826,cube not seen at rest in the 1.50 s after it last moved; used the hand
clip_74_rot-30_B,-30,-18.446784751428936,-26.874025462359075,4.633333333333333,6.733333333333333,85.98726114649682,cube not seen at rest in the 1.60 s before it moved; used the hand
clip_75_rot+120_A,120,100.59836506353413,124.42939786236343,5.966666666666667,8.7,87.46736292428199,cube not seen at rest in the 0.23 s before it moved; used the hand; cube not seen at rest in the 1.77 s after it last moved; used the hand
clip_76_rot+0_A,0,-4.6589041570656065,0.47410341903419767,4.733333333333333,7.533333333333333,60.62322946175638,cube not seen moving (4.7 s without a rest frame); grasp and release from the hand; lift not seen (cube hidden while held)
clip_77_rot+0_B,0,-3.932549970577583,3.2632711580744034,4.266666666666667,6.6,68.38709677419355,cube not seen moving (3.3 s without a rest frame); grasp and release from the hand; lift not seen (cube hidden while held)
clip_78_rot+0_A,0,-10.820398791023093,2.6436532167567917,4.366666666666666,7.466666666666667,61.377245508982035,cube not seen moving (4.4 s without a rest frame); grasp and release from the hand; lift not seen (cube hidden while held)
clip_79_rot+0_C,0,19.696107586652584,-0.4951489073933909,4.066666666666666,7.5,56.83229813664597,cube not seen moving (4.9 s without a rest frame); grasp and release from the hand; lift not seen (cube hidden while held)
clip_80_rot+0_B,0,7.450457906907199,1.1152366790445047,4.233333333333333,6.5,67.21311475409836,cube not seen moving (3.4 s without a rest frame); grasp and release from the hand; lift not seen (cube hidden while held)
clip_81_rot+0_C,0,15.960123683534446,-0.3863256035844712,5.466666666666667,8.466666666666667,70.0,cube not seen moving (3.9 s without a rest frame); grasp and release from the hand; lift not seen (cube hidden while held)
clip_82_rot+0_A,0,-3.994161439656912,-5.845074340476526,4.2,6.366666666666666,69.7452229299363,cube not seen moving (3.2 s without a rest frame); grasp and release from the hand; lift not seen (cube hidden while held)
clip_83_rot+0_B,0,-2.7387244731279794,-0.4583536613935582,4.166666666666667,6.3,67.89297658862876,cube not seen moving (3.3 s without a rest frame); grasp and release from the hand; lift not seen (cube hidden while held)
clip_84_rot+0_A,0,-12.017637111803836,-9.810620073621836,4.833333333333333,7.3999999999999995,70.17045454545455,cube not seen moving (3.9 s without a rest frame); grasp and release from the hand; lift not seen (cube hidden while held)
clip_85_rot+0_C,0,14.033988782894742,5.955313393761157,4.966666666666667,7.566666666666666,69.05444126074498,cube not seen moving (3.7 s without a rest frame); grasp and release from the hand; lift not seen (cube hidden while held)
clip_86_rot+0_B,0,2.212698502935867,-2.446164533162842,4.266666666666667,6.933333333333334,66.35514018691589,cube not seen moving (3.6 s without a rest frame); grasp and release from the hand; lift not seen (cube hidden while held)
clip_87_rot+0_C,0,9.399806937916871,-1.2617201876761148,4.2,6.266666666666667,70.09646302250803,cube not seen moving (3.4 s without a rest frame); grasp and release from the hand; lift not seen (cube hidden while held)
clip_88_rot+60_A,60,29.555300477935894,42.7357602749185,4.166666666666667,8.066666666666666,99.43502824858757,cube not seen at rest in the 0.30 s before it moved; used the hand
clip_89_rot-60_B,-60,-46.52222271906985,-62.727960736375124,5.166666666666667,7.8999999999999995,85.10028653295129,cube not seen at rest in the 1.87 s after it last moved; used the hand
clip_90_rot+90_A,90,58.327488397537216,88.00669392584959,5.2,8.733333333333333,75.0,cube not seen at rest in the 3.33 s after it last moved; used the hand
clip_91_rot-90_C,-90,-33.082311799668446,-95.45592734294361,5.133333333333333,8.566666666666666,70.41095890410959,cube not seen at rest in the 3.73 s after it last moved; used the hand
clip_92_rot+30_B,30,30.71630094759979,30.71541319374069,4.033333333333333,6.633333333333333,69.1588785046729,cube not seen moving (3.8 s without a rest frame); grasp and release from the hand; lift not seen (cube hidden while held)
clip_93_rot-30_C,-30,-12.696539684328416,-18.583938508226698,3.5666666666666664,6.133333333333333,78.20069204152249,cube not seen at rest in the 1.67 s before it moved; used the hand; cube not seen at rest in the 1.40 s after it last moved; used the hand
clip_94_rot-90_A,-90,-20.445520177653872,-95.78092382004897,2.433333333333333,2.966666666666667,87.82051282051282,cube not seen at rest in the 0.80 s after it last moved; used the hand; hand not near the cube at the detected grasp
clip_95_rot-30_B,-30,-23.087952157868315,-29.734950471308984,2.433333333333333,3.3,89.8876404494382,cube not seen at rest in the 0.73 s before it moved; used the hand
clip_96_rot-30_C,-30,-22.995730805853825,-50.553739523725106,2.5666666666666664,3.2666666666666666,87.13450292397661,cube not seen at rest in the 0.87 s before it moved; used the hand
clip_97_rot+0_A,0,0.3582248876338475,-2.654626868195716,2.4,3.3666666666666667,71.42857142857143,cube not seen moving (1.8 s without a rest frame); grasp and release from the hand; lift not seen (cube hidden while held)
clip_98_rot+30_B,30,23.690497786119007,33.80729509481465,3.0666666666666664,3.6666666666666665,85.18518518518519,cube not seen moving (1.0 s without a rest frame); grasp and release from the hand; lift not seen (cube hidden while held)
clip_99_rot+60_C,60,35.35931361514961,44.88360565610229,3.2,3.9,99.53271028037383,
