target_deg,template,planned_hand_deg,planned_sim_deg,planned_pos_err_cm,planned_success,naive_hand_deg,naive_sim_deg,naive_pos_err_cm,naive_success,model_pred_for_plan_deg
24.653103717861768,clip_95_rot-30_B,39.44496594857883,40.304198077272446,0.6106888651709939,False,24.653103717861768,25.456840251371148,0.7922701075404404,True,16.83256555914365
-41.438391522503345,clip_44_rot-60_A,-24.863034913502005,-24.66910177679109,0.5082664969181718,False,-41.438391522503345,-41.25515749776356,0.5035504518438382,True,-41.22376310292125
-82.62476569148495,clip_43_rot+90_B,-57.837335984039456,-57.82274645393581,0.7483622280224809,False,-82.62476569148495,-82.71238724974327,0.714990125237246,True,-80.43585066215316
-87.02502560486477,clip_73_rot+90_C,-60.917517923405335,-60.72978656655697,0.5889450021109883,False,-87.02502560486477,-86.85205140033904,0.7989063907904185,True,-89.3342257373198
56.388643056049034,clip_49_rot-90_C,50.74977875044413,50.958297566094934,1.5358022602812376,True,56.388643056049034,56.602350109794706,1.514097914357103,True,55.99524293308604
74.2960039099899,clip_27_rot+90_C,63.15160332349142,63.7656231706165,0.817601383572482,True,74.2960039099899,74.97863484219947,0.8146379293052973,True,74.14692845584146
19.194439638092376,clip_61_rot-30_A,23.993049547615474,24.46222287207753,1.6834262769498791,True,19.194439638092376,19.602482814329818,1.6922048742466815,True,19.32055814409991
41.3093809771197,clip_44_rot-60_A,35.11297383055175,35.258016410477246,0.6267023756381184,True,41.3093809771197,41.452337361986686,0.639506071646626,True,40.84922324046268
7.852498463776116,clip_61_rot-30_A,10.600872926097757,10.866985046456783,1.6990872363711558,True,7.852498463776116,8.091667653599858,1.6936875306922579,True,7.6984634092579025
78.31303628179828,clip_27_rot+90_C,66.56608083952854,67.20172881345204,0.8162637395944559,True,78.31303628179828,79.01666123950619,0.8160086485851468,True,78.27842460559317
56.85363974187579,clip_49_rot-90_C,51.16827576768821,51.37719354445247,1.5341448701063365,True,56.85363974187579,57.06759547939487,1.5124037001872097,True,56.46926926567988
-89.50706996937335,clip_14_rot+120_C,-62.65494897856134,-62.579336125436896,2.6434904559712757,False,-89.50706996937335,-89.48414613541307,2.594899137238411,True,-90.2158279681027
64.33276978576248,clip_42_rot-90_B,51.46621582860999,51.71309036312825,1.4143880926356902,True,64.33276978576248,64.59266037877515,1.416261754760813,True,64.70660544636593
-83.95459644501642,clip_48_rot+90_C,-67.16367715601314,-67.18901912680475,1.5712779085120125,False,-83.95459644501642,-83.9477246403458,1.5621742907488352,True,-85.46906696287313
41.33798035738994,clip_44_rot-60_A,35.137283303781444,35.28232536591403,0.6267608953039839,True,41.33798035738994,41.480876617488896,0.639572435701031,True,40.87505953948659
-58.38198829153938,clip_90_rot+90_A,-35.029192974923625,-34.995601787845,2.367553887692032,False,-58.38198829153938,-58.28853906747605,2.328026879152689,True,-56.64516188510356
65.37220602297958,clip_42_rot-90_B,52.29776481838367,52.545628885817486,1.4146828495191357,True,65.37220602297958,65.63311803648567,1.4161134653377625,True,65.58408674926275
7.463019644836508,clip_61_rot-30_A,10.44822750277111,10.712764785055468,1.6988421767199016,True,7.463019644836508,7.698502052739009,1.6928495335750298,True,7.538509395546321
-36.051859703270736,clip_10_rot-60_B,-27.038894777453052,-26.87072405836956,0.9026909229955136,True,-36.051859703270736,-35.88985121708093,0.8770800784171665,True,-36.49217555446997
-13.916300184421473,clip_61_rot-30_A,-16.69956022130577,-16.676147980702712,1.6413600407121383,True,-13.916300184421473,-13.867380246576616,1.6472201296194935,True,-25.320732774373646
