clip,intended_angle,sim_start_yaw_deg,human_displacement_cm,lift_cm,pos_err_cm,human_dyaw_deg,sim_dyaw_deg,slip_deg,track_err_mm,clamped_pct,lifted,success,bridged_pct
clip_01_rot-60_A,-60.000,0.000,1.070,6.731,1.400,-53.356,-53.436,-0.183,8.764,0.000,True,True,7.422
clip_02_rot+90_B,90.000,0.000,0.554,5.720,1.687,94.279,94.387,-0.138,12.829,0.000,True,True,0.885
clip_03_rot+0_C,0.000,0.000,0.074,7.026,0.600,4.371,3.540,-0.185,6.581,0.000,True,True,4.367
clip_04_rot+90_A,90.000,0.000,0.735,4.846,1.486,91.300,91.273,-0.079,34.619,0.000,True,True,4.032
clip_05_rot+120_B,120.000,0.000,0.737,7.434,2.343,134.203,134.626,-0.139,15.436,0.000,True,True,0.727
clip_06_rot-30_C,-30.000,0.000,0.750,6.070,1.376,-44.112,-44.121,-0.183,6.877,0.000,True,True,11.724
clip_07_rot+30_B,30.000,0.000,1.594,5.661,0.877,41.722,41.941,-0.161,7.787,0.000,True,True,1.914
clip_08_rot-90_A,-90.000,0.000,0.195,7.052,0.947,-95.422,-95.293,-0.191,7.954,0.000,True,True,3.717
clip_09_rot+0_A,0.000,0.000,0.467,13.399,0.328,-0.053,3.422,-0.164,13.374,0.000,True,True,3.774
clip_100_rot+90_A,90.000,0.000,0.393,12.013,1.999,88.865,53.059,-0.105,40.099,0.000,True,False,37.634
clip_101_rot+120_B,120.000,0.000,1.229,7.218,4.043,124.489,84.314,3.413,61.097,0.000,True,False,10.577
clip_102_rot-90_B,-90.000,0.000,0.532,8.759,1.916,-101.310,-81.153,-0.143,32.283,0.000,True,False,33.333
clip_103_rot-60_C,-60.000,0.000,0.532,7.546,1.743,-54.895,-55.547,-0.186,26.583,2.703,True,True,24.806
clip_104_rot-30_A,-30.000,0.000,0.524,5.869,7.431,-34.542,-41.410,-0.068,26.774,17.391,True,False,30.000
clip_105_rot+0_B,0.000,0.000,0.711,12.244,0.420,-0.937,1.340,-0.093,18.984,0.000,True,True,27.059
clip_106_rot+30_C,30.000,0.000,1.116,8.562,0.409,29.058,29.030,-0.085,16.394,0.000,True,True,31.633
clip_107_rot+60_A,60.000,0.000,1.466,6.204,1.148,52.245,50.783,-0.091,13.660,0.000,True,True,17.213
clip_108_rot+90_B,90.000,0.000,0.888,12.049,5.167,97.450,74.435,-0.032,56.786,0.000,True,False,30.097
clip_109_rot+120_C,120.000,0.000,0.496,11.307,1.232,130.948,143.052,6.442,58.613,0.000,True,True,20.325
clip_10_rot-60_B,-60.000,0.000,0.912,5.667,0.854,-45.216,-45.060,-0.175,7.215,0.000,True,True,1.304
clip_11_rot+60_C,60.000,0.000,0.286,4.759,0.848,54.190,54.151,-0.159,7.240,0.000,True,True,6.098
clip_12_rot+0_B,0.000,0.000,1.058,10.001,0.544,-5.663,1.175,-0.157,10.432,0.000,True,True,5.946
clip_13_rot-30_A,-30.000,0.000,0.313,2.255,0.995,-35.353,-35.402,-0.158,4.845,0.000,True,True,4.369
clip_14_rot+120_C,120.000,0.000,0.651,4.606,2.123,127.708,127.566,0.021,33.613,0.000,True,True,10.801
clip_15_rot-60_C,-60.000,0.000,0.469,3.979,1.846,-62.209,-62.231,-0.184,5.182,0.000,True,True,8.584
clip_16_rot+90_B,90.000,0.000,0.456,2.883,0.641,89.421,89.566,-0.133,6.191,0.000,True,True,2.016
clip_17_rot-90_B,-90.000,0.000,0.627,9.334,1.604,-93.385,-93.462,-0.194,7.768,0.000,True,True,3.717
clip_18_rot+30_C,30.000,0.000,1.189,4.731,0.759,41.162,41.191,-0.147,6.487,0.000,True,True,11.416
clip_19_rot+60_A,60.000,0.000,1.049,5.366,1.522,54.409,54.498,-0.186,6.131,0.000,True,True,3.030
clip_20_rot+120_A,120.000,0.000,0.579,2.335,1.689,143.577,143.527,-0.134,6.205,1.149,True,True,6.542
clip_21_rot+30_A,30.000,0.000,0.956,3.871,0.708,40.778,40.822,-0.156,6.560,0.000,True,True,8.466
clip_22_rot-30_B,-30.000,0.000,1.025,3.746,1.033,-43.035,-42.914,-0.169,6.876,0.000,True,True,5.392
clip_23_rot+60_B,60.000,0.000,0.622,2.551,1.161,64.273,64.311,-0.149,6.158,0.000,True,True,4.367
clip_24_rot-60_A,-60.000,0.000,0.310,6.319,0.924,-60.992,-60.918,-0.183,7.299,0.000,True,True,7.983
clip_25_rot-90_C,-90.000,0.000,0.112,6.410,2.995,-90.339,-90.172,-0.191,9.988,0.000,True,True,2.909
clip_26_rot+0_C,0.000,0.000,0.979,10.578,0.247,1.845,0.309,-0.181,10.140,0.000,True,True,5.385
clip_27_rot+90_C,90.000,0.000,1.311,5.825,0.915,88.647,89.456,-0.131,8.754,1.316,True,True,4.580
clip_28_rot+0_A,0.000,0.000,1.117,8.538,0.591,-5.734,1.471,-0.155,8.611,0.000,True,True,2.577
clip_29_rot+60_C,60.000,0.000,0.155,2.589,0.193,47.373,47.453,-0.170,6.602,0.000,True,True,7.658
clip_30_rot-30_C,-30.000,0.000,0.609,4.393,0.798,-51.619,-51.489,-0.157,9.653,0.000,True,True,3.488
clip_31_rot-60_B,-60.000,0.000,0.655,5.093,1.679,-56.694,-56.615,-0.179,8.992,0.000,True,True,1.948
clip_32_rot+120_B,120.000,0.000,0.661,7.073,1.686,125.300,125.331,-0.138,5.853,0.000,True,True,3.767
clip_33_rot+30_B,30.000,0.000,0.283,4.126,0.774,41.740,42.084,-0.169,10.267,0.000,True,True,3.867
clip_34_rot+90_A,90.000,0.000,1.089,4.730,1.114,94.240,94.883,-0.130,14.543,0.000,True,True,6.311
clip_35_rot-90_A,-90.000,0.000,0.310,6.609,3.580,-99.045,-99.063,-0.191,18.436,0.000,True,False,13.808
clip_36_rot+30_C,30.000,0.000,0.559,5.099,1.330,50.214,50.171,-0.165,7.175,0.000,True,True,12.500
clip_37_rot-30_A,-30.000,0.000,0.579,5.588,1.223,-48.789,-48.745,-0.186,6.183,0.000,True,True,5.727
clip_38_rot+0_B,0.000,0.000,0.573,8.209,0.924,3.681,4.573,-0.180,7.667,0.000,True,True,1.442
clip_39_rot+60_A,60.000,0.000,0.526,5.781,0.635,52.723,52.948,-0.172,7.036,0.000,True,True,9.910
clip_40_rot+120_C,120.000,0.000,1.062,8.097,9.281,140.923,189.747,2.217,37.795,0.000,True,False,5.597
clip_41_rot-60_C,-60.000,0.000,0.669,7.124,1.093,-57.337,-57.367,-0.175,8.416,0.000,True,True,10.042
clip_42_rot-90_B,-90.000,0.000,0.685,10.030,1.318,-94.563,-94.569,-0.196,10.066,0.000,True,True,0.329
clip_43_rot+90_B,90.000,0.000,0.418,9.449,0.839,91.151,91.639,-0.132,12.169,0.000,True,True,9.053
clip_44_rot-60_A,-60.000,0.000,0.546,8.670,0.504,-52.091,-51.917,-0.183,10.556,0.000,True,True,8.368
clip_45_rot+60_B,60.000,0.000,0.665,5.788,1.285,54.539,54.772,-0.169,7.641,0.000,True,True,4.386
clip_46_rot+0_C,0.000,0.000,0.928,8.613,1.126,8.237,-0.701,-0.183,7.867,0.000,True,True,12.371
clip_47_rot+120_A,120.000,0.000,0.847,8.372,7.122,130.861,172.328,-5.427,41.431,0.000,True,False,12.069
clip_48_rot+90_C,90.000,0.000,0.700,9.317,1.468,91.842,91.952,-0.135,7.879,0.000,True,True,4.833
clip_49_rot-90_C,-90.000,0.000,0.539,8.637,1.938,-91.787,-91.750,-0.185,19.545,0.000,True,True,4.000
clip_50_rot+30_A,30.000,0.000,0.735,7.076,0.982,38.659,38.721,-0.164,8.535,0.000,True,True,15.421
clip_51_rot-30_B,-30.000,0.000,0.166,11.205,0.918,-55.888,-55.797,-0.182,11.644,0.000,True,True,8.416
clip_52_rot+60_C,60.000,0.000,0.821,10.964,0.390,45.564,45.683,-0.182,14.374,0.000,True,True,11.765
clip_53_rot+0_A,0.000,0.000,0.695,9.664,0.976,-3.078,3.376,-0.183,8.890,0.000,True,True,6.796
clip_54_rot-90_A,-90.000,0.000,0.913,6.608,1.865,-91.049,-90.639,-0.191,13.244,0.000,True,True,9.016
clip_55_rot-30_C,-30.000,0.000,0.111,7.434,1.449,-29.053,0.524,-0.078,6.942,0.000,True,False,7.035
clip_56_rot+120_B,120.000,0.000,1.706,7.105,2.094,137.316,138.147,-0.135,11.229,0.000,True,True,6.061
clip_57_rot+90_A,90.000,0.000,0.497,6.434,1.320,93.768,94.151,-0.133,12.121,0.000,True,True,7.937
clip_58_rot+30_B,30.000,0.000,0.273,4.083,0.485,36.405,36.760,-0.151,7.455,0.000,True,True,6.533
clip_59_rot-60_B,-60.000,0.000,0.361,9.074,0.516,-50.962,-50.774,-0.152,12.113,0.000,True,True,2.688
clip_60_rot+120_C,120.000,0.000,0.699,8.211,3.303,133.837,131.981,0.324,28.938,0.000,True,False,5.102
clip_61_rot-30_A,-30.000,0.000,0.157,6.618,1.613,-31.251,-31.364,-0.176,9.929,0.000,True,True,11.579
clip_62_rot+60_A,60.000,0.000,1.082,11.377,0.373,53.461,53.639,-0.173,13.170,0.000,True,True,6.481
clip_63_rot+90_B,90.000,0.000,1.182,7.514,0.810,91.440,91.861,-0.132,14.333,0.000,True,True,7.870
clip_64_rot+0_B,0.000,0.000,1.239,10.814,0.553,-6.704,1.498,-0.169,10.426,0.000,True,True,3.922
clip_65_rot-60_C,-60.000,0.000,0.744,5.644,1.451,-55.700,-55.630,-0.169,6.959,0.000,True,True,12.077
clip_66_rot+30_C,30.000,0.000,0.239,3.769,0.219,38.476,38.591,-0.132,9.129,0.000,True,True,12.025
clip_67_rot-90_B,-90.000,0.000,0.606,11.484,0.862,-91.167,-90.810,-0.189,13.798,0.000,True,True,7.477
clip_68_rot+0_C,0.000,0.000,0.100,8.780,0.597,-1.248,4.740,-0.185,7.621,0.000,True,True,4.255
clip_69_rot-90_C,-90.000,0.000,0.337,8.047,2.397,-95.064,-95.137,-0.191,18.103,0.000,True,True,3.968
clip_70_rot+60_B,60.000,0.000,0.508,6.912,0.347,45.789,45.808,-0.166,8.657,0.000,True,True,5.430
clip_71_rot+30_A,30.000,0.000,0.282,3.749,0.811,32.853,32.843,-0.144,6.315,0.000,True,True,2.970
clip_72_rot-60_A,-60.000,0.000,0.434,4.804,1.511,-47.648,-47.599,-0.151,6.262,0.000,True,True,10.440
clip_73_rot+90_C,90.000,0.000,0.119,7.904,0.323,92.241,92.416,-0.138,12.765,0.000,True,True,8.911
clip_74_rot-30_B,-30.000,0.000,0.933,7.773,0.519,-26.874,-26.668,-0.168,9.946,0.000,True,True,3.409
clip_75_rot+120_A,120.000,0.000,1.367,10.220,2.802,124.429,125.209,-0.137,16.078,0.000,True,True,9.583
clip_76_rot+0_A,0.000,0.000,20.093,9.851,0.340,0.474,-4.573,-0.187,14.126,0.000,True,True,0.862
clip_77_rot+0_B,0.000,0.000,19.722,12.510,1.036,3.263,-3.820,-0.179,18.168,0.000,True,True,5.376
clip_78_rot+0_A,0.000,0.000,38.533,10.836,0.601,2.644,2.762,-0.186,19.378,0.000,True,True,6.604
clip_79_rot+0_C,0.000,0.000,39.480,10.733,1.285,-0.495,-0.449,-0.187,18.670,0.000,True,True,12.617
clip_80_rot+0_B,0.000,0.000,19.367,9.673,0.812,1.115,7.662,-0.167,17.052,0.000,True,True,3.933
clip_81_rot+0_C,0.000,0.000,20.226,11.248,1.009,-0.386,-0.408,-0.187,14.882,0.000,True,True,4.721
clip_82_rot+0_A,0.000,0.000,18.346,11.638,0.358,-5.845,-3.895,-0.166,18.827,0.000,True,True,4.324
clip_83_rot+0_B,0.000,0.000,20.205,10.384,0.646,-0.458,-2.711,-0.170,17.340,0.000,True,True,11.494
clip_84_rot+0_A,0.000,90.000,39.216,17.008,6.935,-9.811,-9.928,-0.183,55.654,0.000,True,False,7.870
clip_85_rot+0_C,0.000,180.000,39.534,12.577,0.987,5.955,5.924,-0.182,24.245,0.000,True,True,13.542
clip_86_rot+0_B,0.000,0.000,19.065,10.836,0.722,-2.446,2.231,-0.182,15.490,0.000,True,True,4.478
clip_87_rot+0_C,0.000,0.000,21.040,10.814,0.245,-1.262,9.468,-0.159,18.762,0.000,True,True,6.316
clip_88_rot+60_A,60.000,0.000,19.419,11.828,0.997,42.736,42.803,-0.188,16.105,0.000,True,True,9.756
clip_89_rot-60_B,-60.000,0.000,20.580,11.260,0.288,-62.728,-62.746,-0.178,15.841,0.000,True,True,16.814
clip_90_rot+90_A,90.000,0.000,39.382,17.278,2.145,88.007,88.060,-0.129,44.720,0.000,True,True,7.540
clip_91_rot-90_C,-90.000,0.000,39.362,9.576,7.613,-95.456,-93.739,-0.194,76.908,0.000,True,False,25.200
clip_92_rot+30_B,30.000,0.000,19.658,8.864,0.870,30.715,30.709,-0.189,14.537,0.000,True,True,3.030
clip_93_rot-30_C,-30.000,0.000,19.950,8.564,0.693,-18.584,-18.330,-0.175,17.608,0.000,True,True,10.989
clip_94_rot-90_A,-90.000,0.000,0.601,2.988,16.925,-95.781,-35.920,-0.100,35.142,0.000,True,False,43.956
clip_95_rot-30_B,-30.000,0.000,0.487,7.915,1.274,-29.735,-30.513,-0.088,13.963,11.111,True,True,11.111
clip_96_rot-30_C,-30.000,0.000,0.251,6.376,0.871,-50.554,-47.711,-0.097,19.389,4.545,True,True,13.793
clip_97_rot+0_A,0.000,0.000,0.852,12.793,0.566,-2.655,0.338,-0.099,18.769,0.000,True,True,8.696
clip_98_rot+30_B,30.000,0.000,0.528,5.364,1.078,33.807,33.184,-0.071,11.931,0.000,True,True,10.588
clip_99_rot+60_C,60.000,0.000,0.669,8.143,0.603,44.884,44.281,-0.075,15.369,0.000,True,True,13.725
